id;classificatie;kleur;omschrijving
1;Hat morph recontextualize;generating;transmit SMS
2;maroon;bypassing Cambridgeshire;Program
3;SDD;Cove Malagasy Ariary;web-readiness
4;Avon;Accountability indexing Music;protocol mobile expedite
5;forecast;Health synthesizing;connecting process improvement dynamic
6;Berkshire;IB bus Practical;mobile reboot
7;RAM needs-based;Health system Technician;Tenge
8;Human;Movies;Computer
9;Soap Analyst zero administration;Arizona Dynamic;enable
10;black Keyboard;Organized International;zero administration Intelligent Cotton Towels Metal
