id;voornamen;achternaam;geboortedatum;geboorteplaats;register_nummer;classificatie;personeelnummer;mailadres;telefoon_nummer;mobiele_nummer;verantwoordelijke_crest;naam
1;engage copying Soft;utilize;2021-03-15T02:17:57;scale Shore;37145;24/7 efficient;hack;matrix;input Executive;Ball Groves Designer;hack multimedia;back-end deposit
2;Assistant Arizona mobile;Principal;2021-03-15T01:29:19;Legacy;20488;Credit Card Account programming Stand-alone;salmon;North Carolina;Intelligent;Mozambique mission-critical Passage;withdrawal Coordinator Washington;North Carolina Auto Loan Account
3;bandwidth;Kyat sexy asynchronous;2021-03-15T15:47:32;users Up-sized primary;98036;Florida Horizontal optical;THX Security groupware;Ohio Poland deposit;Berkshire models Data;Center Orchestrator;bluetooth Designer Kuwaiti Dinar;Clothing Wooden Inlet
4;silver Turkish Lira;Palestinian Territory Gibraltar;2021-03-15T04:34:59;neural Saint Pierre and Miquelon;34631;Ball El Salvador web-readiness;Balboa US Dollar;CFA Franc BCEAO;matrices Botswana instruction set;overriding Cotton invoice;navigating Savings Account compressing;deposit
5;distributed AI Metrics;Frozen;2021-03-15T03:48:08;users Internal Lithuanian Litas;48168;Plastic;PNG;logistical;Assimilated;Rustic;parsing auxiliary synthesize;Refined Rubber Shoes purple
6;Rubber;sky blue;2021-03-15T04:05:09;back up;22452;Berkshire frame;niches;Savings Account Kids;bricks-and-clicks;Realigned;Cape;quantifying Algerian Dinar New York
7;redundant;Car architectures;2021-03-15T10:10:15;Kazakhstan withdrawal;54170;gold auxiliary;Home Loan Account Puerto Rico Rustic;dynamic Borders Functionality;Avon;installation Intelligent Plastic Soap;Personal Loan Account Checking Account;copying
8;Future-proofed;Rubber grid-enabled;2021-03-15T11:05:31;District JBOD;38395;Senior monitor;middleware;COM;Savings Account reciprocal;rich Mouse;Planner human-resource Principal;Hat National emulation
9;Innovative action-items;deposit grey;2021-03-14T16:48:51;Tokelau;53634;Director teal Checking Account;Metal Director;Frozen Lead Administrator;Rubber;Cambridgeshire Checking Account Cayman Islands;back up Sports wireless;maximize FTP withdrawal
10;payment Baby Credit Card Account;Fantastic Metal Towels;2021-03-15T04:56:55;Regional Web Wooden;25946;Ergonomic Wooden Towels THX;Representative;Shoes bottom-line scalable;Trail;Montana Tasty Kids;program sexy;bi-directional impactful Tools
